id,accountId,puuid,name,profileIconId,revisionDate,summonerLevel,c1,c2,c3,c4,c5
cU8isAx252Pfnq3Ry4by0yURaY8eqF6T39axey7IKXGcsMs,Zzr6t8JBx51iSQs9njcLiqV4CxmaNWH-ViQHcJPmo70p9LE,TyTFC9pyuhr53GiuVuEoM0pqNJ5HridA3zkNir6UsduU2DXMWq6lTohopUcBUkFJ53B348-vl8X1vw,vinhmap1243,4086,1558606954000,77,,,,,
otIzLS4C3NWwLOTUzlDZ-TOxeqvKBDVRJHBh0xNN3xBpNQo,nxsF8iCSk1EkQT96CKhOLKphfm9m0cDb3mZAarate6vHZQ,sHdvg_Zij68-irJHUS3Hifv-X-Q0sidNDdcdgx5WjTQObGSsjtigCfZPRS1SFA-k4z1ARlHrn1jz4A,DaRussianKnight,3006,1558938490000,34,,,,,
LvHUbmMqSh6_L9spRU70YTvr1fpeR_gh-LeRqPgKT279yD4,Xx1OR8JlpXDP3uZeCsRwOlwcEWbXIEbewxYF4hddwTf-mzA,nTLmK70BC4YpVPMwIXLXPPz8WRQVycPzisxSouaBiZXdHSzgNgIbP5hERLpNNi9LrwoCm22Z7BP9tg,LordlyStevo,4098,1558925836000,82,,,,,
mlAaGcVn-aefjMYGAzuJauJyH_O60z6E56AFS6Orw-mjT0w,c2NCga5YLtwwDN-U_BUm5eefrMm7xZFNbIbxHvQouqxIx0w,zSDIlSwAyq5pqoTBy1O8Pfbd21mnLIfpq7eSMz55h1bKIc9ZNv3-ypvgYV4s_ZOPl1tRxtuxxZ8dnQ,CaptainPorkchops,3015,1558405513000,46,,,,,
2PeJHunre246aN6t4CLpiqzMaVqb6ej5QuMXHgaR7NURYQk,RilQRmjh66CUz36nTXBQJ4LSivdARXF7-3bsFR50a97I8g,6tIm8a0N4x7YJDDaTu01dlMtnV_rwniECe5PU1OH8zXmn47jnyhrJ6zm59P5skpMylxxnmgKVusXJQ,Villyn,539,1558939519000,49,,,,,
igS2W1Q7LdkoK_B1M6BieqLMqcM2vwgtUX1taW9Hde0HISHP,Ng_o8UsaKYztoTuMg1SchoqNYHqi1XWwWrI9lWFmxNhAJNo9l0gYy0SV,wY-UKzFtxYouzgPAKj60anHphGSO7rWw69lIucjmvPWTcGKy1e8pxUtNdiESlbJAqhZVIv6vwz4RDw,pHanTomARC1,3550,1556667924000,41,,,,,
N3_6ww4AXYHTaMoGGJ_Z9qdOjfNTT1FbJLwdU6zwT4UbOTA,oY_8vIZOIp-7ndQIi9TDTpkU1OrmXiRfZI-4ndgQFc3yUbA,u0wqegWaAYV8IdbjeVH28-Rthi_MJq7Da4MIv2D-uoZ-_kigDnoNKUnlQ-zMGXURD6EYaKcvyDLQoA,SMACKAHOFGBOI,4057,1558673138000,81,,,,,
4yDlYhMxvbDSsKQ59MGm1valomXGGMV4hzcgY5t3G8rbqds,W818YZg93yx1befCiqqenEABrwVaeI6LazvX_H9hjW9mRQ,hPxgMKA4xp8iWCAYkcijjCUdCB1d38bUDzPiPlj-Dx6gLnfkGZI47_AYfvY-1OUD6p_5MydjnB5UfQ,pie454,25,1558892582000,30,,,,,
fD8I209zhmFxmalbGg4rFQWX9eZjVIwLUJVvmtDh5IBKb2I,4f9HEHRuRv-NcNKs2fJQ_kXjrF3tCZOqCct7EgmH95WJBv0,luLzLEXiZDt6q00LJwF0EZkuJ1MKhLHeXUTyYGNjBiAbDfJXW9XfWTGolHIxlnVcyOu6VVVMIAGSeg,AtlasMinor,3902,1549413326000,72,,,,,
tN0BlkCnHl5ucouvSnE9OKIhJTkvkyG_Iyp9Jp8zzh_eeXA,uoBbLfB7vqa7cX-uF1S6KCCRW9W2LMKPMMEZLxmtiWwsFNs,yRm_P6595s8cAdUXvqG9-nbINhw5lDkZA9tx_XJdb4URstamaYMTBNErdBNB-OMEdwSQ-z3P30gf1w,flawlessgambit ,682,1558929539000,54,,,,,
d4D5fA34_edaNaEiqdN_iFBENjSiLepvN5xcXSoeJQKCuqc,KA6J312pAnbYIP78Hdx4NzQtFUXOZdQ0svSavLJ4RBa8qrw,ffQkyTc1JLpX-0EScwu6zfNqSFj6icaO_dM3dTHFP2OzSw9Giv66GhckK8qzNfYgFPiiT_rQeogOQw,darktwister48,3189,1558567501000,82,,,,,
hYQ7X28ACXh1TCWd-jFeZfz0XOS-VIjgShnrMJM3mWpdTB8,4_VrBYb8Kmwkb_qCStqxdBffrAm52YCy-Uv_XPiLSRisbYM,hVsHtvzOFQnrrWX9Bbts-yzQ0ldyI55kwXUVuD03BZSWPiZvWbtVLOZoGVtpa8Qvg9f4L50Q_GMPQw,par00,4057,1558994385000,92,,,,,
iCMpona4D2dgyry_qFYkTlpOaz1iuS0C19gjnwwPGlbsyXE,lBGI7zphqaiJ_BFKIwBEI8mVrWVcgpt_6Pj0Q-9EuOvgrt8,Biy0uXsJ7OT3s3_j5qJznPBRz1-vrAOMVX5b1h7gEQbUQjTSYIswr4DLcsXtNDWy7avfNRoZkD69pw,Alcatraz534,1606,1559001974000,33,,,,,
9WEeqBKurZshMEm9BXsTIvS8AVgDUdanPgxIdcNN4lZV1YI,kBffCjsIhTlt3PLWNPOWkk4rrl2xQxY7l-GaNjKOjMtZtA,zxKn1ANebfkq7i_7ZeiyN-OLdCOuBNlDUiAY-cMVZ0SfqZTc6jGwcYFBgIY_fFadjcn-SGPEVGnoRg,millerlite86,556,1552717360000,35,,,,,
C4qgPYmduF1e5jDTAi1OjpOsMTuWpJCjuiIzX1TO6hBLdeY,mSzspblbAaFIHayOOhTUPXyy_GjKvSZ8fWCPVRbW_FWEu8g,x_4998xDe54XC6OeYxt2UYaAge32dfB3xzWrTgDJ_kfvLrsaSSGUv90k7kf0BR-NnxpMJFja_XuSxQ,Ryumii,3887,1548625359000,131,,,,,
I2CxmCsP2EgwF5oAYUSyyQuX9KDm2guTA1rZ9QLLfDqTsiM,TkhSxjzHLPe_l_hGLYUP_QBF_gNg0sf_fTDkKU7ynFiOE6k,klLvZ1PGst6F2wQYJ-WvByPzIBih-HaFbJ4ACGsMB9yRGM_YI9YZM8y-aI8urwvVitPYeH6McA-PWg,Kufar,3013,1559000128000,229,,,,,
M7JR4cyz2zGg60pCDv58tqIQo6nA4mVKEQ9GqSJoDC_VEIw,sWpdJg8t8ajt1EV65UIe2Jq0sZP-3nh6irCBcC0PBICOC64,hOkWNgA2uApRPaBRFIzXa8HWCQOhjtMVLuas7T2YB7Qxnc7xhT4YCr21M6ZEAx7C20srAo6dOtVDuw,ConRongChauTien,662,1558817775000,122,,,,,
IOAWi7PIfz-fPQEIqz58ONeSHH1Y9CKhUTpsSX2Afm1vBcQ,pxNnpL2lD0jA6WGuvNNsMgCX-d4wVdDZEb4q29zapliYimE,qEM9-aXhKWc15wPftXTBEibLPZjKiPxYrANbi49-B8QcMfxctJbH3tu4F7TVL-RXJbVdJ_NTXw-Alg,FizzingInMyJayce,4027,1558667815000,92,,,,,
ftKF7R0KL-BGtV00i9iYOHWJPweacCDzjlprkQcJf8igAaU,vDN9JYptT4hbszeNykbApbaaJkdLmRv_Fl6BQ9ZrZ3yctCc,eBt4ELdwlcF4RyQrVeN6cMnhfyHQgodJYbKzz3tMzf-NANeRYRWm2VC-iK1jt4MJL_Elw4_Vli5gFA,JayRock77,657,1554248179000,31,,,,,
1hYQcaUCtzqowtb4yoeVolapD5XvPRC0e7D8vnLBujnyhcI,Eg8zeJiIbkmbQjCObRcx8fl2FgrKg-OIH-ih2aExhc0xaZX07kvXNVnm,mehTAhBXAcD94eFEHLO5BIz7yURyhz7GKcS3ex0Crvq5yQOeusOO9bQ38M8HXEPGY25salp98aDFBg,SSGSSAG,4087,1558977598000,51,,,,,
07WhOL4hWlEaVlykbhgZ5K10gC5atJY2-XOehHcelCOh9SU,SgjEhEX59OUmJvTr3trVPVPYjO1qNLFQx7KKNzc3W4wn29w,L5Jc3V-cPX5Y0BfMqegaIXE6Sm3xwhZPvVKnhYKueEl_AWS9WRELGUBp0zwphn9vXSQdTfzCZ_8lqw,Frankishf,28,1558977707000,95,,,,,
BVD9o2g11DA7i8t_ev-kL0Yq5NkTrAq_hoS6aWMkHAT0W70,yfAjfi9ot0hTovRb-WsWK23abcvNG5qHeMFskz5Q_8KVgQ,YlsX4rxx6DJOBHD7w1MciNnYbZoBd7dRyV4u9qmgGFohhfr4an91wHQHr6i-KeHXzj0o-t0z9XE3rA,ELMEXICANCHILE,3903,1558980971000,104,,,,,
hZaT1FBt36tNxN7GbTOnVVsfrP1jymFqZ6bPlEsUZ0TDZA8,WQ9IzqZq4xnL-IgLTBSfIUt4J1sDfGl6CRPcWfDlhwtbtw0,xIVZi2AGu3w6XbUari2S7zfAwhbBUnjn50FV_Rk_Vp0SYA7VelUmWByh8xqo_1uz2xxqEHfCLHvFcw,chrisis619,4027,1558673145000,73,,,,,
hDwpPkmcegtavmedC1GRB_WfH8zQs5_v2IhZ3IMiDlJy0cg,jV1eIlIXAYLmRzcbWt2n4xa9lPG5-X7YiDrYj53oe124q4Y,qRIA11urvVGNlJtbkRxWFmR5TXOTo5cme9XGdEcg62sVvNup3LIcHwcHqF8R9A0OjAmP0bdKCpduDA,comet2,1378,1553915113000,30,,,,,
S8XPDsqRA-mygTYcy4FyzJjOGaB7zKUzhi2LkyP7aNxyifc,o3PbGCM4Dsf9y6HnJh11AIcPF5ReEKm0n9JegjFlBX6i54ukNz4DCofS,WwpgWjYBxvtz-yjOGrY7Ld8slCdl8Yu4aLv9-rVuQ--PgXq4kur2P7G1_fAY_h8holzRloLER779hA,TryhardisrsRekts,1105,1558998808000,64,,,,,
Porf2jstrJRXxpQutvJ_-vZE9vppOC4PfwRCylqt9meE30CX,JR_CSAkLto_w1jXLPp633ZIydq-GaYcmZVQqaZxTtM1fsZnMnlipa6B-,_P1tckOWDYzj1qlSb0A1_po__3rqLvIVQVGzWvhikeLh85SK9J_avrO6XBnw05IHSS1sf4FQ0L0wAA,Samline21,4089,1558965685000,107,,,,,
hQO0o5NaW2MS1IUsGw4vnQqYic6L5jFR-haQKwdH9-KAMy4,lFyvUdkd_OPJg_PgaRQpklxFCMFGWek7ibdawTcsnvpckkA,1jA-MrcwOjjqccfFc9NWpLIyB8BuSAvicln69qOf6-CoKp3kwJcxFF7gj-7Z4i1CEpKmpm79vZgYpg,AlolanZora,3271,1554922400000,77,,,,,
qOe572XGQmk1zmhZ97anYUCpheWeq1uKYvBZtEVt8EAnCHI,TgrtnaULPEu7sWRsu_vNaBBGYrgmns3v4qBnfcVY1_KnRH8,Edwl7yUgS3Dsep8JgLEzNldgxFrmBvajXFZBHD31c9dAPEmANcyg7JleOzg_j7hWCTdc1x27YYxHyA,Leonidas700,687,1559001711000,65,,,,,
liRZy-EhOZt5QQlPwjbgZKCD86hwXJ64hklSQpHKI7Wo5NY,uzugnjJ-ipfiXyQUXL0HWccSi2nVRoQ8b82S8zPPSSYwFA,4XtaQxfekvT8swPPUN1IPg6jbZkrjWmOI4XwOlL9CA_aX3p2H7Q_CGO7n5TPziJCNq1VOL6Jx-74DQ,ShadowEli,691,1557132429000,37,,,,,
hByHnt01QdRX4nFMCaad1VM_APnuN_sP3icgJtfhyhrUKR0,VZ41F84kBxm5uO1Q4MD4fhV030ypqTcfl2AHWBTLAo81BbQ,Vh0a7vla306eviVvYD_817Ww2rTp5Z7MoS7b23NClX0m4bMN140l8t4o-V4P7AwOxWw20h0aYmcljQ,LightxProDigy,953,1557109475000,42,,,,,
eap4yUcqGTUZEhCsCQXnUb9pHrRYQZKFcfqOTOPYIAnNuLg,gxyi_Ga7iKd8oCp74NA0GQz0eJ8nEhoUu6WEQ6Qaiur9Rw,5SfXxz4xsBb1MUolyl4PSAXh8UdrMBX763CZVzBjXHSl8VJkDnuBUQBFPgHvKOO-MwDyYHLTGvTX9w,2 Fast 2 Ferrous,4088,1557911889000,192,,,,,
W-k0-2XNYuHahUV9ESX1rTwRQRwrd4y4u2uX7pO47s6OyPU,bz04UT5DCKE7_JwSIWp39woKxTR1OU-uS0ywygD-jdnCAQ,2yTIrDtlWOKmoLSroM1q0Mj68qGqFt82SkJ4xOCr9t_d-33ioG_Vkq0N9RuDnzeV6fcYT1CEppCa9Q,Akwac,709,1558998126000,161,,,,,
IYyemKm3MK3gF-VngnKJlNmKMBEvGIX8Tb2F9ORPXPhmFvY,km8esGwtr97S1E1Brjr4Xsjtj5z3DzgJcEetKJcNW6NlAw,KQ6PMmJs-fjmAlyt3BksRrHljsEilPkcMojRcE3bqSqc4pkqsq5ThsHQepVsMhPizm5Jzm8rJBEOwQ,DarrowAndromedus,1301,1558683146000,53,,,,,
BkO9R3jFDUMZKGoFhvj8izerN_djtvro_iAOrnsmcV15WJE,PeGI19R1wrUVYjIrX1r2MrbUsHYq_fDSZEQ81FRpArt5Dwg,nQi2Bd-uwkdWLePEfIekdWjL9je5coMvlJKpHNta1H9Mu5Tihho0hYCEbIbVmpV_5duzpAwRKGlwPA,Mataza75,1213,1558958394000,70,,,,,
VGhy4pLIHfqYOZHvUt2AaiwZPk75232V4OdTdXfkVo576kY,cooLt3rQAo_eaSrXi0grStY9UaeYxhAC03cuzTKe68Dksg,wCF0cF9FOJASm7wWyK7tBGLINasGGWHctBWaBpF83ZsDWQvQ57lob_5WgT_nURyId2pu_V_h-wybgw,o Fallen Angel o,518,1548703775000,31,,,,,
FKLsumuFxy1xT0JP9HNdW-QjaNYq1LqTQEK1ldQ74YqxQ7s,Kiajd22uAlnnMrWO1LmR1Tk3R7ukaxCXuqcxgZs3tm4esuk,ofsBLUA3raNrFm4v2vWorRMbqxaN6hzu3GfG9x25HBJI0xVdL57m5zXycHWVviv-m84biAhJYpEPCg,SkyWeezyDeezy,4086,1558907461000,148,,,,,
pEl9vopH0HQqvnQ6rEUNqcE6a6RzLAoFEILTcgV33pnIhRw,msUaNbjo71-dSZVvTQE9woAa5uBL3gM6eJWZD0IMti-HLA,TyPs_TUQBPMQ2O35fIf8yl43yR8PbNVPDBVPetWY4yr8KZ2kB_tpqCoDMiGskUPafjH_itsZXA_vjw,MagicRedTheStorm,714,1558501379000,83,,,,,
urWvY03gBqx1wBCeo249B8vI2QFXvoevmhjbVX8iO7IWeVg,X7T88KxTLOD3lh4ris1IZBbTvKgB79uZrzSwm9KSNLSjJw,9jOeI_D8rLzmvIXK2pwj_Gw1g_-NMAFdWLLQReNfcTxgfpNbApUD-IBAggIMgvRqAlnNd0IvphLn4g,Drknative,4088,1557624939000,44,,,,,
IUsHrDiPPOwpmpfXtP0BQoXAOhIvZFV_MIbgbHAqgffqBhM,F7kFV932kBI4xzxaXYHvWzQu82wzxfcQxcPcmHrT772BFQSE6bSHAmsu,J4XLufpHUK_ZoaeMTvEsJ9l7LhW6EdyZd_bodrI8J5ii_pUdjhkWcWGI9KDmVIxlNg395R0TtgNbXA,lilwoofer,3897,1548648829000,37,,,,,
FOM2-3v7tVJhpsCh-dqzWHgu9xVZsBpCzhqdtV1Djv-8Pb8,ev9zocuP6glz3Idf6k5zwTb0tntDEslNfQzCxgHZv4dVscc,nGvY2uh436TMggQVeLl0v3Wco3Bo0E-ujroTzlxv_61PzKj-yCa95jrMf4WN4OUYy-8HRLkA-nw5og,CalliouChemo,3815,1558744045000,55,,,,,
lOhQSHcc-4s_LBuxBlzVMI9L5baJ-RiArMJIJZHIzR1TeTk,m6E5I4efT3GyEc2wmiwo7Rd1837CkVCKk9PNuH8WPS1A-qg,irkV6_p6DJ6A17qJPbPubpwOW7ZBt0DHJ6-LOM9gLw5v1iuFMCV3NI4jQ8QwrJ9VhhR9wECuNSEYHQ,Bludspila,1637,1558482985000,53,,,,,
Ogo_jdsj-avaz8eomJgwonQ6mnR-PS-WFiBBIlVYVwP_fVA,4nEv_K_migEmnPHGgiRzvNW2yoC-onq_fOhMgCx3NB4FZ3c,w--xm7Ps4VEv6Q1sf3EW0Uew4ZlNGqbSZkgwDF6tvQEHzischZgW2Jc0TaZaXAabcWDCIOZBEQzKNg,conquistadortez,3184,1558913525000,161,,,,,
QMIcHBiXBHmbT35VHuaoOVJLpLTDT7BVNqDhHF4BFJswxBI,LF2bEFecbzsXVi7_VJgE1uEtX8lKE5tB23kJuUNPDPtpKw,53VTABzZH-FLYulF9jZkbAXUd5mgT7n7ZWFqpNDG_SaHPQKcFjSnnhjM8H2KLyqHpLD-eXsam0U-Wg,LocoJames,4027,1558980125000,69,,,,,
oW9DHHslkwTz7rK_QMvJyR-bPANxH23zN1a5KA4q1xjQbM0,UlIAKNu9ZkMt1V28Mj9GIgkZmavDTa19HvXqlf4IzbCUn9w,yLe0xuhG4qYUdY3lSnt2uI5N8kjfb1WdQGLSBrKINTKN0ZKX3Vvwl8pWY7v4vD2jcbI3YM1GDEuVDA,Cookie pro31,774,1558936141000,58,,,,,
jKYtlmSx7nMHDuFm2J0Jh8omdmtDwx48mAwPk5dBI6dxHxs,6322mCVREOoj17Px0Rm9QZEaBgaZiVZmuDNog_-2juW3yBE,8n-WvCOCb2GsoLtjdN49x-oJkR-Cg-ykimaKG25VuMUgENZJ8BODs_d9hqNae6R7hKf1zxXgoNFsZw,opgregsta69,741,1559002615000,90,,,,,
of-f1g6X9JJTzuxcSPEfFaiMsnlACj2HXBzVdhuGry_SexQ,C5nFfpauv9B4ocy_8QIdL7nMrXI0ajGxCTYrFsWxTAFnBnw,QB2rKyhl9MF591tasCBPX60tDeGHVJZvxvyTfytMzevHZ93Z2El7Bffz8twKf_3yZ5YZ57rNzrERkg,Unker139,4088,1558928238000,73,,,,,
wat1QLe74T92zgKV4C-ev487r0TQJxpZEXT27Rp5-9-VFJI,y04luT6sspkVL0nn8jt4zTjldsocv_lR1sCCJbKa6Y9-kg,9YDAphfIxMzb2nxSjV56ayVSObOPsZ18BHZkf8qIkuxttgF6ao3NRmFkseISChooXKASpVPijdexqw,Groedius,3632,1550181075000,31,,,,,
-DoGABqgjYIf81EVF_65xOuEooAxpS_LQPfwwnYH6kdre2Y,gSyeR43OvWAgnwlz7O6QDm9m0_6okplEKDXvJCCo4aKoA7c,nzTYWlyIeLQHl5R1AbbUHJtvUFzMWVDDvLG1bl88iLy0aTgnVQmt860ZP7LNZjXdgbP5bb6r4hG2KA,TK Trismegistus,3013,1558999131000,42,,,,,
yYvh8r8BXwZ8nRUQrJQJOodGj5gkHANL7qag7L1_H66lACM,XQXqK-orzLRGhuNpc1FMtVZ30szbGaVgEM6-PpHEvwi-sA,1yWcyBHAinTIcOxqNRKZqHacKO6t1_UM7CuVplZ9tez-2cWmiX61kYf_0sgASzg4zpd1UWq2hM3ahw,RyuDeception7,659,1557626410000,31,,,,,
b2DmG4_VPRymyoux63pYgABvdkh4p26XDSuvGzd7BWVndns,vGWs5KZu3hdfAcEiHAytU8V3fkKEzhItnL3OcGLCzvmGwks,5w_Rog0fBeM38EWjKeSWcoT5GD9RA3XMWpCZHZm-oY7sRuG2g1skrogciBFEAi6Gk6eXgAIRd_XtYg,Dolores Umbridge,3167,1558991706000,59,,,,,
4B6ylQH7BgoqOIJTY_rdnFJ3FQ-vMH374dfaBp8Ghm-npMI,q9XVxbGmGfNRbwButqYcmiThgkAwomYcduiUS5dFPNw5BUI,-8_FTufy7hHzqWjkAXXykFvUme2JOzt3NViY9MvG-yeMEchMqKoF2aglmCT59oWIU-dZ2MXr6eGrAg,DeezNutz15,3898,1550941224000,38,,,,,
OujUk4bH114yjaVjm-aACQqnP_yFQ_CuJG_ZwibHoh1wJtc,hQghfCTUKi1Oz4JTvCwz_dKJDIPWcN1TKE59RwdKxItrkyHgMzCifbFY,DIYOi39qVUKADsPOaucmke4Qb-fIk0EJ7S7v3NvoyAR1FtqKOdo8p0LZ_hdqmfj4sPyiZQDVF8uyAA,DZASTR,4086,1558143110000,101,,,,,
6hpwuo1QOryuHXLHo93cPm6-Cgw5FsXbqToqZ3RoMNHhdqk,S46z-JBM-HFGrULIKPLJpgJM1gKhuNxLA5t7HWbLOv_xab4,yquESr25hpjVB0Y0624CBQkQf4YboHA2Qy66hdw5FtqQX7yn36J5mGidVOGMfF7GHvVg7j9LYLgqqw,BIGTRELLY,3553,1548618471000,69,,,,,
JvKy_ieaaasHsEEcvQCB647jgF7b-sSEXtZ2bxaCQkuNyhY,0ZJytzzf61c0ELJmRIcDCHWaioe9oxt5mjat3ImTgMCJlw,2E4zAWkx7gF9Q4J4eXFtY_hJYFKKdEM1prYLxRR_0__F_o2dZz00S3zVFSUK5ArhdRPwkmLMxKfXKQ,milanello,3014,1558725158000,65,,,,,
wNbMIDGU84Dl9yJv0RQSzUYcHGXVljo1jNQXmjkwejIK85k,oVuLxGAB8YZZlMX38akHJcuNsnotgk_CdxaBz6ea5Wj-ZqE,HhLiDgyhSfpCu3Q_r_UifanWBQcxa6MO1f_No3HSHV_pKkEPvKp29UDz4e65M7gI2E38aCx3NIYRuw,SaltyFries12345,3024,1558996383000,41,,,,,
d5ZKAPc1JKAwxXmJECwrYBPyvK_Kd0HDUdKE-zSaNmgS7JE,QzltpiUZviqfxwzWo4pKlPcqs3Yt6QpslVqdj6qDowjPmQA,AINNl7tTCzuQ6IuKriBsRI-R2JevVjG98MYoKuyqnPO6vfn47VN8IoJid12P_IcJwYV4b4WQEQaG7A,DriveOrDie,23,1558966973000,212,,,,,
zApBIavcOtNxYqc_kDSu-IjpUCEORGQs48ipCPVaK5ItLUo,KkgoWejUkypx-hiKtRzyz-4-c_RDO4qOo6TAwCYmSfVp-tw,7GSb0JNV0gRY7CmUtwEf3VhHEzfblVpUgozIKnSc0c5t20fr8liAc9mjFFu9cfp6NqroqG-BXw_43w,Pumpkiinxx,1428,1558299569000,56,,,,,
Getw9IXHeSJ1jgIj8wmC0sJu8l0IqVBwVHc4gHgg79vHn1Q,OFZr2hFCypw-kMcfS0KS9Nq5zByJsE78Hg3r7XOX0nuG5sE,YSpbfy4Vem7jLWxJkWARwMGYj1mgyc-afyzPSxQYKQRMzWPrsHvko3XPvq1gwuLLKDOGi4x_ghSijg,sirsoma,3014,1549168994000,34,,,,,
e_PYD9wilmKaSAfgvkLDvLjiX_Bp6aM_XPrMVYd938CsvB8,GFddQQO-CKGJBywJXb-A10RJB9ZjqMAGkaDqNSFW1MMam18,-sqpyWvpz-_ZkctUE4W_P9ikiwPvaJKYBbBodHxQVPogGl_yeD6M9F4PACC3RZO4a6y3Aig9Jwx-0w,DeadKnight67,4080,1558981408000,80,,,,,
2_AvNSGzS_1KSEOa2GzQt-XLAHYSuHUJppxIodQKx77H_sU,_fibFhltimvz3K46AyRlBbbfQ01I6j5jsEkwsYOy_7DpeA,7w6QoycVvpy_Ez897XAZv0YP2vNzlmrva9EkVKJRlI4VdYNVEc3kfOiGj4ZMd8qBf-hWKAWlkXjZMw,NightRaven703,4086,1558282523000,113,,,,,
bdlK_OIha9GTK5qbxW2SQx0ssL9J0NAa24n1EuOjuvZGjbA,_OmmOE1K0T_lMGooI5mPEjK0iVHNsLPftDSVcshiE60QxrQoAnOSkWa3,hPKVygmHYoszExCLSgBb_iISd1wNobTNO6vt7-jYeb6dlR2MUgHi5Ee8M22GWsDeKPP9G_1PV2vYGA,iron4ever,3776,1555890408000,39,,,,,
vS34ZgQi_j9zf48Ix2iQDokF_xx2XiH5BXCdpoUbXSh2GPM,9lJykrBXWcYrMKQAR2zo59TGbSfa1SK9VXrZ3TbrBXb1grI,Ov_OOXBEcLWb2StAefPVq08Lo8KvGiV8OM7WzBJ3wZQTsbGLV90roVjMRmcZZHH_pGZ5s2CH2IBnHw,JWTenacious123,3379,1558657938000,87,,,,,
Hi2XL02ro2sXD9WoOfa-YQA4zu8Rv6BIh9Qo5nsHMzhC1GE,htQU81Qs-31Gt3FbNQ0_X7q9tsbs8VLmnzHo5vHIhdJR0ls,9QcP3w7Yhw9sWcQudp7d37oe4xZT-UmxmXoVbGSTIxTAfTvSWH0Te2xZQAIsRiOX6I6tAjJJIBkt0g,Bumrocker69,4100,1558885320000,60,,,,,
gl61lDv3Rnd43r4Ex1-068XMVoSqs2i11CIgTuhnsBZMTCU,Aps5ppS9G09r07QsGIV4YsXPHW4HAgv79UHC6XDJSOX1tw,57fYRo6n5uGBU01SKl6KKTzxYDTxZZ-hNPCZdiirJGcNaCUrG02N_JpfV_Rpw0L46ONKgR3gWaTvHw,sean1999,661,1558999621000,42,,,,,
jrYZO7NhP3uRpD8MMOGT6nyWvTo6FVmG5cmGbwvPie5JtdE,nfk0Td8bJc1P-cCwPmcWFNq9nD2iNC98oxP8L6J69_CvqLw,6DIZ-AV3aR9s7cFcSZvaeR3yhB1oBhs0zXhUF5TulLjOaTYoHCVZsP07-NGQ55ckf_OcrNWdkE1zSA,DeviantAngel,7,1558987532000,43,,,,,
8PQeTesdVm8bg_x1FOGGBH6UNESSHTydwlErCd98rm0vVpg,puXjlCtQY7GabVadRFgLXqOGFlcsHA2ViR8uU9MNNNiGibs,U1t_HvMk99HXfnWUlqflGMO5LfRBv9Wtr4zeQU4IaIbnlbVOVUmcrge920Jc8Z2BVIH9rfPzkCKAqA,kica123l,4053,1558466856000,92,,,,,
MDdgB5qotllOA7bxurS8vi-rKfOvuTp7s8_demsg2v2_sus,vpQcnaWs9dkW8D4BCHDnRxpv4QYD3jXrgRCHfUIqwYPGng,hmV9mAhCsRkmnNalCoXmW8Q4TTabpbN5AJJf2sptKyWNz_ux9NxxsXAO-XL7IyY7x0es-0ZkcoxvjA,mannyfootball,4087,1558681479000,66,,,,,
jcJbcJDFl_GV4bIJN8Zct1xUhiwSt9pDaQjJVEn8OWteNes,xHWG1GM9XanUvVJAm2iKCTFinOdCJxjhZY-1qB5-yrsUWnY,Wcxgrn1RZ9oQ71WjaL5vaVgWp2qjUnPeaklspkON_DUK3rEt_rMsZ8bSD4RDknXYGPYIXivzBiBXOQ,DaCoon,1387,1558896810000,59,,,,,
BXiRMOdxxEMGweeB8i9LTYCICG3SLmb_LqAaveEp4uAPFAQ,HPCoRneBG5FOhpwXVg7cQ35f8AGPY4IBDXtnUXAis-qa6yw,ZgcyBRrFi97mwXIGvZJuA21uLfXZxct7d919lsGB6jIMEGASsRH8DqGJ7s1zCytZwT4myxsqEIJ9vQ,Kamidogu,0,1554264796000,66,,,,,
ZzyliA2Wb6clhScEFCWBCPhcabek67EwwxgQA97I4Fh-lwc,5QVwTGFw_r5aB-17jChJGbtHU9Ss-tviZ2Mun-DAJCkadF8,cRjke301p23NWZl1ci_Rms9_fwkUSiuAhwtrXbF9d8Td-RnSsrATg4u7Y3Ld-oHpoBvAs9t-3UlNXQ,BreeZ ReAPeR,682,1558974931000,35,,,,,
zxPRCD6C6g7djp_zvBR94YlNz4VW_BkKMAeFLa12Zjp3dXo,E6r_d92tI5op_itF-VzbBskQzfKflAAC1Jc5xpPz97Lgmv0,-usR_6y0z-0zOPDY7UiCH_qj8kzmZvWJ0OURCeWSBjyGE2_OkF-NM2M6rYMDVopaPc7Xs-4lvVy-5Q,Trafalgar222,4086,1558937193000,47,,,,,
lP4fdpPiOaC873OrwDw-22At3O8vGKZUdXoOj22S68njZlA,zGrqVcX3D51mADVrfy4oJKuqEJHtV74MTfMaM1N9q8jkCw,Mbo7MIw_niA_o2dAr3jsaLwn_YGQZIcmxob13W9oScEoxYQ7VZBNUaJ1AZBZ6disqy_AzXgfHO5P6w,FieryOmega,4027,1556068243000,55,,,,,
chxIlwfAHhFwpk-lYlScMuWN4HRTYQ-wZyRGTcXDu52sePw,5WqKlUd5fWHjk7r7I7-YClB_ur8NbVAhnyt-Zt_79CZCiN0,6_m4ZsufdgXmckqzSwmXTVgqCjKlkJj8CBV91tPaK3RsW2p7SZhJ-XwE6ChrGdFBxpEDDpSAWxjooQ,GodHatesFlags69,3187,1555041235000,50,,,,,
2WCbfbuVa_FV1rHoDHir8WnQ9NYeGOvD4vbcxHBpsWP8F68,hXixBYlF3_dTbA7nMn5xhTNSzP3x7c2cIuVJS3xPu3vf93A,7Efd9pNQNJrLQx43Nk_fBN0zgkF6rp8HgpVgfr4KZiFvtaSWPozbv6QxzV9tRAd1iC5n4pANT3eoKA,Empress Cloon,4086,1558674189000,55,,,,,
Ge1neCQKmIbzL_Rrt504P165iPoiwtwMf9h2JtPlJ_1lDN0,NP_Sq3rpc0DQCXmWQsW-rcZ-UXhCbTS14reZraM2yZrTVQ,uiUKCA49fyKXbdfE5j9zMN4XbCwF9g7BDL2km3LTw4cd3NX0LM7eNyy_FR6UGf0AX0NVKTJyZBJGug,Jalleyfish,661,1550284302000,36,,,,,
MxV1ROSmlAGRrl3FpSN_UgoBgx0NooTag-4kXggftWP5u_Y,af0g4IQ-d02d5emEkj2dSv2_9BPxdc7zP_bMNT7FF4frubE,Ni0O7xZz3Ah5kzyK0rrhtDrC0OqqlouR1sF4Fs7U9xfM8IMmM7uZJdCLG4NklpcpSKN7BIQAn6GKSw,highflyinginger,1426,1555715912000,40,,,,,
xuNaUsDvXEKRHuPNvtzm_x57YKeJLcwLD-mZaqLY8DY-itQ,OMqKYSOgPAPxC2pAJQyai758cbjGFJwaZypinkNO9iZsDrc,NkAapN-oOtV9Y8a5D-YoS_RIjYoI-p-v45cB5juYg_7sG5apWape-pHXRFGlbPPwajl_IAoX8PJnYg,whiteravvit,3222,1550457504000,77,,,,,
it4aHwxxp21a4drk6CuqRkqoCdgR146Fc5JBJM1yPvy8oSM,LDX7ZXjdDbmVtpHMieOjE2QyJDLWjmEXBof3knFKVYpP9uI,KBKhu3BJHZROrqjQPTPev3pSKbvfxuw_8BWgTjKBXyPdlKGiJvzWkiFlPXlOgA7EwKp9cFltuk9cbg,nastyoddball,4027,1559002737000,56,,,,,
2v7xw947g64VEpsv1pvUY5vRLLA66QdGjHhDsM8RD32DPJ4,O8ql7oi_lSvRhrpdmg4-MjN2fyFm4-1FKHS6TA5BjV7SrkY,HiR2qbUU07ayrS5qHgx3oQcuaJU8wufSjtxbcKkQhP2ibHVvwzFslR_scVuSQjjknuqJGEHFD9ekkQ,sensetive man,588,1558822990000,60,,,,,
ILyLflcCxQ8OzmMHDDEChPgZ5rt8kocIAtE_0_CQKfPHCm8,bmWf9C0rTUOeRESl-3Y24YwFWfWeH2E1_rNdv0QhL722_A,5lOzFtwari_2hU_rjLjO7nIBKi9Nbts52Grhu9m7zgs2mc3fI1Sos6_70tLnBUdYrIqZ1EBc4wNnSQ,ZJSpaMM,4087,1558107345000,49,,,,,
sUUB8qvt0jiZ1LLDhwXwZLF3LAq7pb6JX5hPD0Y268mF3Bw,KKgqVZPh9DRkDb7VZQUnRgVmu08X9R0PTd4YaIVSOf1b7x8,jujY-t7GZ9iAhsOOqzqBqWrgH-0pjmHjdWEulAnwZLNBMkmo2KJAIAQtfIcmIOU3V1qLWADrHD-bFg,Jerad Carrier,1301,1558143223000,34,,,,,
lL4JO-uWPiXIQj9bHgT-Mn24k_OaoMGAJCf5yXZiGaJTgK4,BrOcHrU85eNg31gMm1zZKAHsRROtuSdHwLNBWOTSHwbsoMw,HdUZVNRfcZPodb-ZOVkFLJNU3x7SfDrAoAWFay11hLHLoPE5digYA6ZHaL7ISt-uqI28mGETcNkexQ,EmPeRoR Prince,3902,1553343576000,56,,,,,
wy76D8nduiPq2NbBxWsvYvGTv_MpcULy1mWgRpK3a7eF3aI,ctEsdIuHLD7WgRiFCetMl5OB6xPSSlfYT_tdzMWePR8RTag,SxJ9FdWjCaNTJwSKae4OdeKML4ILP2cYRk_zsNCOuczuxw0Kyr2F97xO8o4p4MhrUN5vYLDUT7ut8g,Psalms18  37,28,1558825442000,75,,,,,
1SLTbDU4QYV1rDyg5oiIVSlQF9IcaKt5cSKf2CML7cOkLP8,idpKEOrq_VjcNWltW-GiFa6-yuQakbsVomdgUGx-2SKlMMU,57xVF9yWV__SnaEwiMJXk1XrimypGaU-OCtmCsQhERD4pEqQHh4iRv--EJ5m2od7jG7yh-CTmwN5Nw,Bradrick,23,1558995101000,192,,,,,
UU1eKnpQNhY0TiYj5iRrmX_FqxL9IzkkZ6aRf3WZGm_0Nk4,_EtD-4MTatmWci0JpTcAXCtzg8V4URlYK_6hZ8GAkP3mZys,2d41UTog0HS5jH-pB14xuAL5YgEKvCyqF0zrEfNk-v5ocQ-JwZUMcM0ZDi6WSYTaETYyadTNOQoWRw,carryyoMother,953,1552844586000,44,,,,,
xQ85tNQG6jEqM6g9oNu48c9Wa4z2ZH2IFHErNEGfhvhKzYw,QmZRhDpY6g8QHOIs3kb0MbotBLbiXtlQ40per6ux9NSsJD4GYftTNgVL,I3PrDcocvEriAYZ4appgdbXCRsw3pfxGfaIjlBEDKlvz6lb8WWdeeRCoYhcUvV0o-vdTlocUcmghgA,rbernaldez003,4089,1558946390000,78,,,,,
m6VmR19M6F0K93-dNoPcpumomOnDvkkIxL40ROFbMbkbwrw,-S9ANMEclTFG9Dh8BseBa6XQDB_5bbMaOV3djjagVW6jlg,nwM6BKHJRXIoSJGd-qBTJuow1bBWKPhJvelP9SaiGctXw-AWoDTAAj59_1GwzP2n62XC4GqBSYe2Pw,Floridian Demon,2095,1557620341000,30,,,,,
DNSIn-ODNX_2bl5RfUaNEagyszMKLdSXV6mTHscS68GJRXJA,zh2sbXkfOQueFStNJr7Sto46SslKGwY-9DhoCjddI7ZiPXuSJeb5emiD,DOCkdT0jSC4cYuUqo0D8POMWMlcAqAKtChoHQeyONqMU-FwKKJyUxEieBpH7DyHZXIy1DlVWgjCO_w,WraithDaGhost,4057,1558995400000,130,,,,,
qGOUIDiWKerrJTTg0vH7v_kvsA0i-NRPJR9HwhoyRi-HA7bF,Xy93nu44eCT6HjsUeOnA2UKzmvPpbz4kFTtf_AkoYXbuxcz5hBZd4yOJ,ZXYqFOoAxtKxfhT_t8W1WpMqDWPL-e9t5Mk_SZGlVLcBjsKnbtgxf-yke0_eegVDjbxWCmT868lXfw,FaZeFakayttv,4086,1558961169000,81,,,,,
QcCdAoetRhFEoULlevPy1Oqg45wrfaJDa-TsN4oSH2rOG-4,S3OkQxZKtCayu_d1m-K0MU1isyfYWF0aUpZbtYHSPvLKSwo,H6MKSIDWUo71ziV31aejnymUsjLDA7fVVEtyH4DKOk50lFsvVzw1et3oiNq7R7BsvsjJaFxNEKQHeA,KingAlfredHelp,3440,1558932398000,98,,,,,
v15qw3sTVdH7PwrwFieazSdiLvafnKdahpVX_FwPvdpSZ5c,8yNqpa7QWAFCGZMIxbKMiCRn35C8tUKtaxVhq7-yGB0DrQ,Pj7Mn7JlXGf9bkG_pwZ-XSZgb7NMBOeuC57acjkgg5oaY1HQR55TzECV0YCGmbLOYasVELEfTUJr3Q,lordgraybane,2099,1558947233000,55,,,,,
EAFsvnADNWUGLr1l_MdjdCxof1sN04eYbeQGBFrCd9Mm79g,07_-ftwId3nrI69MyK3gL82Uc9ioLnJz44C39RFRNaXPxeo,xnfGbWDn6RymjtLwlw22mnGq7AHx0R6GaTaSvIbuN9S0hTNk8Ne1JYNpLcSZ46p_b5dYi458NHfeXw,TheAnimes,3350,1554256640000,63,,,,,
2ft0B0qsvC9ZiD9OySpp4cUndztlBxoxBjI_6EeOx0pk3V8,9sGu9q_-NLmn95KExdM9Krz2eqqPVGjXJ8Kf2o81FwX3wA,6_NX-dgkaU-QZoz6ReSuqXfqZOHMeJeq8M0VEEMUu3DmXQSRQIj0cBEZLxDv4NCUqcPaazn63gljGw,Misantrophe,4089,1558902532000,73,,,,,
QSP-XVUBVxbD8QWUh6S2Vx3nhAvqOTprB8iPCAjUsHIRxRw,WV6JEHV8VQI3p8dC73TtyLQw9oXLSZbq_6Ynp4TA5B4Mvw,sT6DHwf9QmI78tsvzh_61lCQu9Bfe6nt2qyenvp2DQhbWhnW3aVkymQbzoaim-wZwrUUS9wbmF_-IQ,pandka,4088,1557288467000,42,,,,,
_XvGfElI8xhYY3Q_poZVKvVHD0w4OsyJUsL8v1GHj5sTuBA,OkZaY7ZMsZoFGxgDFClUbl_GLEUNDNE4bvLjUNg_atOj47o,Yjgb3LOKsMEHEz-uVKqSjuY38dCoIxs8vrFDVU6DZpkN6k3BHDmlNnnhRZrEUkEURb7IJccaAsUrRQ,Nomorebronze2,4086,1558934263000,107,,,,,
tsDHDf8neZkI6GjEGqE4yxVGifwiigCAb8iZzipW1mYBtqQ,95Pl3975OEPgf1u3fp72bgplwOw7TmyU29nnqae_6zyp0a8,El7DQAJKHQBKJkT_wPZgNQ5nJuY_4_ilPkPvUWWA27pNBpQEX2P16g2_E9z7_OWj5X9XrxNLSQmuzA,krissybaby69,13,1558489791000,38,,,,,
_Cnqlum57GFyBWj0exmvOBTIHxh03WBtykVJTddudHKKPs0,O1L1kFi91hs-6JKk5g2XqHFzN4p0srvVCIHhYFG8qm4A9t4,QfHU2t8udKN3JiiA0Lk7EEHWjUOCq1GZyYSM5vGuFivFhdD55DxgWqRCFWjxp4YeUADWI7ukxrQJKQ,necromancerh,4057,1558811030000,171,,,,,
Ao0iaJug6te5VE30zpfikCqbaia1o_AXaThodMJw5dEp7Ts,cKcU7YK8Euo74JuYHIGhB0Yy-oZ7R9HsLc6lYpfKiR7zopk,HhtFy628rmbi6SmHM0U-YjQgxOM0qtO1XtP1R6Y15VZ92UZXerNR-2Oxj70pS_SOicttTXlYB7fkww,Anivia Smurf,3806,1558066109000,56,,,,,
qz0yRmXhOtGmFsQO84qnwr9f-ZqSRhVqmVW3z5BCenYl0eo,eLMhBTAfTJ6Iybes5JbiPR9YcS4PrMCrP9Ip4KiI0neIz3z7fJxlpVs1,_A0zvMrUCkYINhF4HIXAKfPGsWQ2FfVAnMkSHxjU8xQobgW0lhInkWC-o2ryYlSNzDXjoalIgpvYmw,FreeCalories,3368,1555374367000,38,,,,,
GO1Stqlhn4wUaYp447g9q-B5LtaFKI1W3OeExBeEJuC1ans,C-Gl8AXo-OygNye7YXJMdCYAerPp0HuT0YPNE_XgDwy_QoM,umbRQ6yBC3d4BKUN0CEgXMLpJhjaP6qTXI4Pm6FLLUP6BKflR8IcIcB3VT1KZWy0un6DtdkpR-7dXg,Kat4r1na,3353,1558982074000,124,,,,,
0LJErtZ0Io_jL9W_fjQiA5oJQIt3vA7unwhJEsY0E308I5c,Xa5-Ii1ULF7JpNCVeLEk06kA_aUHpN6c2nEUAlPBIpq-BLE,2QZepyNJ7t48usgUnbvZLBHFqjZzxHksxEeyOT-u_RLiOTQ2Z41wPjJRfTok92K_cLjLqLMKn8X1Dw,GriffeyBear21,4027,1558961595000,73,,,,,
CG9KyO1jeu2ts5FFw8vCKktX8VR77vqvwg2Lyzm0w62KNY8,BxbdOB_VmJbAyMNvJvvTOsl0MCZH_3oJEDbRaZNinwOrCJU,BvGrj1wDKibvstxAYfUkdUuytyzwW98212gFOM3M-nutEptxPFV9-Y8x-7I68A1QLQtvllYv10385Q,Kurome Noomi,3478,1558713805000,43,,,,,
8zK5weLqxUXZO1tQam_cHbp_O04lWW7rY7wNULUIVQ-C2As,GEMJuxjy-921p59t1dqBxSxprId1GAhEmwF6SL9QQ6GX7Q,hjhSA4venDPDJz4fwnhLWMawVzjK0-I92vlMuxvXpDf9i9jtuk7HntzezEyMHeYVSaOY9ECliwkt-A,Tsistu,688,1554845712000,57,,,,,
u1SpY9W_0WpLWmspb2V0O5RsJyHxTZnoJYrm30kBZrvkYks,gsyKFnHcfMdA0AOiY5dLczkKMxMFoyU3eXJcH9E3W-4q_Lc,CeJEsIIsgQgv4XW5Q8IKnQORY7lE5CIFCA60uDoW0IeafDtHfszQsDW_Avjh_0zwzLUgs9qX0eI_Rg,C4t Lady,1431,1558933994000,66,,,,,
-9lX41KqEeT7o6GmvtEU6cXHbksjvjct46gPPBU1Dm69iaY,F0rfibImBdZDeKeqD6qxBIsoH7TJJNzS4YheerhnFjzL4go,EVLVU2VnQZMv9vv__1pl2xFw8--TaRTbP2ZrOlLhZb3oTqnbHx9Lj6H84vEAdIaUZNiNyXiNXeXIow,Pwoutie,1594,1558968767000,96,,,,,
PONZazfM8ALrJNA1YJEGFEHU0gv6lzyN2Ho_Wblb0k71qdw,3xruoOzctYNFtEWw9efDYg7Fwlr0Cx25LTPNJMVDGLzrG1w,RL2Po7-_gENDErpjAw0kFqmJiNxAp6lKJJZttSNFx5Uc1ybuHBZYavPYkhWsj6Mp7r5bAmwYFlKalA,james8726,4086,1559002811000,71,,,,,
Q6hFiUmMKuZUTigPK5OlvoeGW75RF1zLS665p5OCDrXfZk8,NIg8sKP8ETeAKUa-sGoZIdlLADRLyk6Axx4-N8V8JD-FhVg,8zVfQDGW1QwHrZl8kddAB1foNu4919jCCHLhtvJtZe8DgfXlVfLm1ca-zzucEdpe2Bc-M7Rojw8imQ,Justoutofreach,4090,1558983833000,162,,,,,
Q-N6hhdb7gMCj6NMptFBhMNyHhW--dXhUDXVRazNXlBzV8A,2inQvk3LXjMSR9wClZlXZze-5Ilpl5ejxyEQOu7YPTw7GOk,b4jq41E7U5J_-VWULeGGZiFGTH1PGblQ94pOz4sGATXkVksge-pgtFsFKd87t9KghkU-MBpl04Q3Yg,SkylineOG,658,1558985770000,32,,,,,
